"1","Leanne Graham","False","delectus aut autem"
"1","Leanne Graham","False","quis ut nam facilis et officia qui"
"1","Leanne Graham","False","fugiat veniam minus"
"1","Leanne Graham","True","et porro tempora"
"1","Leanne Graham","False","laboriosam mollitia et enim quasi adipisci quia provident illum"
"1","Leanne Graham","False","qui ullam ratione quibusdam voluptatem quia omnis"
"1","Leanne Graham","False","illo expedita consequatur quia in"
"1","Leanne Graham","True","quo adipisci enim quam ut ab"
"1","Leanne Graham","False","molestiae perspiciatis ipsa"
"1","Leanne Graham","True","illo est ratione doloremque quia maiores aut"
"1","Leanne Graham","True","vero rerum temporibus dolor"
"1","Leanne Graham","True","ipsa repellendus fugit nisi"
"1","Leanne Graham","False","et doloremque nulla"
"1","Leanne Graham","True","repellendus sunt dolores architecto voluptatum"
"1","Leanne Graham","True","ab voluptatum amet voluptas"
"1","Leanne Graham","True","accusamus eos facilis sint et aut voluptatem"
"1","Leanne Graham","True","quo laboriosam deleniti aut qui"
"1","Leanne Graham","False","dolorum est consequatur ea mollitia in culpa"
"1","Leanne Graham","True","molestiae ipsa aut voluptatibus pariatur dolor nihil"
"1","Leanne Graham","True","ullam nobis libero sapiente ad optio sint"
